REGION_NAME_MF,NAME_MT_MF,NAME_MT_KML
Республика Саха (Якутия),ДВФ_14_1_Алдан,ДВФ_14_1_Алдан
Республика Саха (Якутия),ДВФ_14_10_Ленск,ДВФ_14_10_Ленск
Республика Саха (Якутия),ДВФ_14_12_Мирный,ДВФ_14_12_Мирный
Республика Саха (Якутия),ДВФ_14_14_Нерюнгри,ДВФ_14_14_Нерюнгри
Республика Саха (Якутия),ДВФ_14_24_Якутск,ДВФ_14_24_Якутск
Приморский край,ДВФ_25_1_Владивосток,ДВФ_25_1_Владивосток
Приморский край,ДВФ_25_10_Дальнегорск,ДВФ_25_10_Дальнегорск
Приморский край,ДВФ_25_11_Дальнереченск,ДВФ_25_11_Дальнереченск
Приморский край,ДВФ_25_12_Фокино,ДВФ_25_12_Фокино
Приморский край,ДВФ_25_13_Кавалерово,ДВФ_25_13_Кавалерово
Приморский край,ДВФ_25_14_Славянка,ДВФ_25_14_Славянка
Приморский край,ДВФ_25_15_Чугуевка,ДВФ_25_15_Чугуевка
Приморский край,ДВФ_25_2_Уссурийск,ДВФ_25_2_Уссурийск
Приморский край,ДВФ_25_3_находка,ДВФ_25_3_Находка
Приморский край,ДВФ_25_4_Артем,ДВФ_25_4_Артем
Приморский край,ДВФ_25_5_Арсеньев,ДВФ_25_5_Арсеньев
Приморский край,ДВФ_25_6_Спасск-Дальний,ДВФ_25_6_Спасск-Дальний
Приморский край,ДВФ_25_7_Большой-Камень,ДВФ_25_7_Большой-Камень
Приморский край,ДВФ_25_8_Партизанск,ДВФ_25_8_Партизанск
Приморский край,ДВФ_25_9_Лесозаводск,ДВФ_25_9_Лесозаводск
Хабаровский край,ДВФ_27_1_Амурск,ДВФ_27_1_Амурск
Хабаровский край,ДВФ_27_2_Бикин,ДВФ_27_2_Бикин
Хабаровский край,ДВФ_27_3_Ванино,ДВФ_27_3_Ванино
Хабаровский край,ДВФ_27_4_Вяземский,ДВФ_27_4_Вяземский
Хабаровский край,ДВФ_27_5_Комсомольск-на-Амуре,ДВФ_27_5_Комсомольск-на-Амуре
Хабаровский край,ДВФ_27_6_Николаевск-на-Амуре,ДВФ_27_6_Николаевск-на-Амуре
Хабаровский край,ДВФ_27_7_Советская Гавань,ДВФ_27_7_Советская Гавань
Хабаровский край,ДВФ_27_8_Хабаровск,ДВФ_27_8_Хабаровск
Хабаровский край,ДВФ_27_9_Хор,ДВФ_27_9_Хор
Амурская область,ДВФ_28_12_Райчихинск,ДВФ_28_12_Райчихинск
Амурская область,"ДВФ_28_14_ТОР ""Свободный""",ДВФ_28_14_ТОР Свободный
Амурская область,ДВФ_28_15_Тында,ДВФ_28_15_Тында
Амурская область,ДВФ_28_17_Шимановск,ДВФ_28_17_Шимановск
Амурская область,ДВФ_28_2_Белогорск,ДВФ_28_2_Белогорск
Амурская область,ДВФ_28_3_Благовещенск,ДВФ_28_3_Благовещенск
Амурская область,ДВФ_28_6_Зея,ДВФ_28_6_Зея
Республика Бурятия,ДВФ_3_1_Гусиноозерск,ДВФ_3_1_Гусиноозерск
Республика Бурятия,ДВФ_3_3_Кяхта,ДВФ_3_3_Кяхта
Республика Бурятия,ДВФ_3_5_Северобайкальск,ДВФ_3_5_Северобайкальск
Республика Бурятия,ДВФ_3_7_Улан-Удэ,ДВФ_3_7_Улан-Удэ
Иркутская область,ДВФ_38_1_Усть-Кут,ДВФ_38_1_Усть-Кут
Иркутская область,ДВФ_38_11_Иркутск,ДВФ_38_11_Иркутск
Иркутская область,ДВФ_38_12_Слюдянка,ДВФ_38_12_Слюдянка
Иркутская область,ДВФ_38_19_Зима,ДВФ_38_19_Зима
Иркутская область,ДВФ_38_2_Усть-Илимск,#Н/Д
Иркутская область,ДВФ_38_20_Нижнеудинск,ДВФ_38_20_Нижнеудинск
Иркутская область,ДВФ_38_21_Саянск,ДВФ_38_21_Саянск
Иркутская область,ДВФ_38_22_Тайшет,ДВФ_38_22_Тайшет
Иркутская область,ДВФ_38_23_Тулун,ДВФ_38_23_Тулун
Иркутская область,ДВФ_38_3_Железногорск-Илимский,ДВФ_38_3_Железногорск-Илимский
Иркутская область,ДВФ_38_4_Вихоревка,ДВФ_38_4_Вихоревка
Иркутская область,ДВФ_38_5_Братск,ДВФ_38_5_Братск
Иркутская область,ДВФ_38_6_Черемхово,ДВФ_38_6_Черемхово
Иркутская область,ДВФ_38_7_Усолье-Сибирское,ДВФ_38_7_Усолье-Сибирское
Иркутская область,ДВФ_38_8_Ангарск,ДВФ_38_8_Ангарск
Иркутская область,ДВФ_38_9_Шелехов,ДВФ_38_9_Шелехов
Камчатский край,ДВФ_41_10_Елизово,ДВФ_41_10_Елизово
Камчатский край,ДВФ_41_5_Петропавловск-Камчатский,ДВФ_41_5_Петропавловск-Камчатский
Камчатский край,ДВФ_41_9_Вилючинск,ДВФ_41_9_Вилючинск
Магаданская область,ДВФ_49_1_Магадан,ДВФ_49_1_Магадан
Сахалинская область,ДВФ_65_2_Корсаков,ДВФ_65_2_Корсаков
Сахалинская область,ДВФ_65_3_Оха,ДВФ_65_3_Оха
Сахалинская область,ДВФ_65_4_Холмск,ДВФ_65_4_Холмск
Сахалинская область,ДВФ_65_5_Южно-Сахалинск,ДВФ_65_5_Южно-Сахалинск
Забайкальский край,ДВФ_75_2_Борзя,ДВФ_75_2_Борзя
Забайкальский край,ДВФ_75_3_Краснокаменск,ДВФ_75_3_Краснокаменск
Забайкальский край,ДВФ_75_6_Чита,ДВФ_75_6_Чита
Еврейская автономная область,ДВФ_79_1_Амурзет,ДВФ_79_1_Амурзет
Еврейская автономная область,ДВФ_79_2_Биробиджан,ДВФ_79_2_Биробиджан
Еврейская автономная область,ДВФ_79_3_Ленинское,ДВФ_79_3_Лениское
Еврейская автономная область,ДВФ_79_4_Николаевка,ДВФ_79_4_Николаевка
Еврейская автономная область,ДВФ_79_5_Облучье,ДВФ_79_5_Облучье
Еврейская автономная область,ДВФ_79_6_Смидович,ДВФ_79_6_Смидович
Еврейская автономная область,ДВФ_79_7_Теплоозерск,ДВФ_79_7_Теплоозерск
Республика Адыгея,КВФ_1_3_Майкоп,КВФ_1_3_Майкоп
Республика Адыгея,КВФ_1_6_Энем,КВФ_1_6_Энем
Республика Адыгея,КВФ_1_7_Яблоновский,КВФ_1_7_Яблоновский
Республика Северная Осетия,КВФ_15_1_Алагир,КВФ_15_1_Алагир
Республика Северная Осетия,КВФ_15_10_Моздок,КВФ_15_10_Моздок
Республика Северная Осетия,КВФ_15_15_Эльхотово,КВФ_15_15_Эльхотово
Республика Северная Осетия,КВФ_15_2_Ардон,КВФ_15_2_Ардон
Республика Северная Осетия,КВФ_15_3_Беслан,КВФ_15_3_Беслан
Республика Северная Осетия,КВФ_15_4_Владикавказ,КВФ_15_4_Владикавказ
Чеченская Республика,КВФ_20_1_Аргун,КВФ_20_1_Аргун
Чеченская Республика,КВФ_20_10_Урус-Мартан,КВФ_20_10_Урус-Мартан
Чеченская Республика,КВФ_20_11_Червленная,КВФ_20_11_Червленная
Чеченская Республика,КВФ_20_12_Шали,КВФ_20_12_Шали
Чеченская Республика,КВФ_20_13_Шелковская,КВФ_20_13_Шелковская
Чеченская Республика,КВФ_20_2_Ачхой-Мартан,КВФ_20_2_Ачхой-Мартан
Чеченская Республика,КВФ_20_3_Грозный,КВФ_20_3_Грозный
Чеченская Республика,КВФ_20_4_Гудермес,КВФ_20_4_Гудермес
Чеченская Республика,КВФ_20_5_Знаменское,КВФ_20_5_Знаменское
Чеченская Республика,КВФ_20_6_Наурская,КВФ_20_6_Калиновская
Чеченская Республика,КВФ_20_7_Курчалой,КВФ_20_7_Курчалой
Чеченская Республика,КВФ_20_8_Наурская,КВФ_20_8_Наурская
Чеченская Республика,КВФ_20_9_Ойсахра,КВФ_20_9_Ойсхара
Краснодарский край,КВФ_23_1_Абинск,КВФ_23_1_Абинск
Краснодарский край,КВФ_23_10_Белореченск,КВФ_23_10_Белореченск
Краснодарский край,КВФ_23_12_Брюховецкая,КВФ_23_12_Брюховецкая
Краснодарский край,КВФ_23_15_Геленджик,КВФ_23_15_Геленджик
Краснодарский край,КВФ_23_16_Горячий Ключ,КВФ_23_16_Горячий Ключ
Краснодарский край,КВФ_23_17_Гулькевичи,КВФ_23_17_Гулькевичи
Краснодарский край,КВФ_23_19_Динская,КВФ_23_19_Динская
Краснодарский край,КВФ_23_2_Анапа,КВФ_23_2_Анапа
Краснодарский край,КВФ_23_21_Ейск,КВФ_23_21_Ейск
Краснодарский край,КВФ_23_22_Елизаветинская,КВФ_23_22_Елизаветинская
Краснодарский край,КВФ_23_23_Ильский,КВФ_23_23_Ильский
Краснодарский край,КВФ_23_26_Каневская,КВФ_23_26_Каневская
Краснодарский край,КВФ_23_27_Кореновск,КВФ_23_27_Кореновск
Краснодарский край,КВФ_23_28_Краснодар,КВФ_23_28_Краснодар
Краснодарский край,КВФ_23_30_Кропоткин,КВФ_23_30_Кропоткин
Краснодарский край,КВФ_23_31_Крымск,КВФ_23_31_Крымск
Краснодарский край,КВФ_23_32_Курганинск,КВФ_23_32_Курганинск
Краснодарский край,КВФ_23_33_Кущевская,КВФ_23_33_Кущевская
Краснодарский край,КВФ_23_34_Лабинск,КВФ_23_34_Лабинск
Краснодарский край,КВФ_23_35_Ленинградская,КВФ_23_35_Ленинградская
Краснодарский край,КВФ_23_37_Мостовской,КВФ_23_37_Мостовской
Краснодарский край,КВФ_23_39_Новокубанск,КВФ_23_39_Новокубанск
Краснодарский край,КВФ_23_4_Апшеронск,КВФ_23_4_Апшеронск
Краснодарский край,КВФ_23_41_Новопокровская,КВФ_23_41_Новопокровская
Краснодарский край,КВФ_23_42_Новороссийск,КВФ_23_42_Новороссийск
Краснодарский край,КВФ_23_43_Новотитаровская,КВФ_23_43_Новотитаровская
Краснодарский край,КВФ_23_45_Отрадная,КВФ_23_45_Отрадная
Краснодарский край,КВФ_23_46_Павловская,КВФ_23_46_Павловская
Краснодарский край,КВФ_23_48_Полтавская,КВФ_23_48_Полтавская
Краснодарский край,КВФ_23_49_Приморско-Ахтарск,КВФ_23_49_Приморско-Ахтарск
Краснодарский край,КВФ_23_5_Армавир,КВФ_23_5_Армавир
Краснодарский край,КВФ_23_51_Северская,КВФ_23_51_Северская
Краснодарский край,КВФ_23_52_Славянск-на-Кубани,КВФ_23_52_Славянск-на-Кубани
Краснодарский край,КВФ_23_53_Сочи,КВФ_23_53_Сочи
Краснодарский край,КВФ_23_56_Староминская,КВФ_23_56_Староминская
Краснодарский край,КВФ_23_57_Старощербиновская,КВФ_23_57_Старощербиновская
Краснодарский край,КВФ_23_59_Тбилисская,КВФ_23_59_Тбилисская
Краснодарский край,КВФ_23_60_Темрюк,КВФ_23_60_Темрюк
Краснодарский край,КВФ_23_61_Тимашевск,КВФ_23_61_Тимашевск
Краснодарский край,КВФ_23_62_Тихорецк,КВФ_23_62_Тихорецк
Краснодарский край,КВФ_23_63_Туапсе,КВФ_23_63_Туапсе
Краснодарский край,КВФ_23_64_Успенское,КВФ_23_64_Успенское
Краснодарский край,КВФ_23_65_Усть-Лабинск,КВФ_23_65_Усть-Лабинск
Краснодарский край,КВФ_23_66_Хадыженск,КВФ_23_66_Хадыженск
Краснодарский край,КВФ_23_8_Ахтырский,КВФ_23_8_Ахтырский
Ставропольский край,КВФ_26_10_Зеленокумск,КВФ_26_10_Зеленокумск
Ставропольский край,КВФ_26_11_Изобильный,КВФ_26_11_Изобильный
Ставропольский край,КВФ_26_12_Иноземцево,КВФ_26_12_Иноземцево
Ставропольский край,КВФ_26_13_Ипатово,КВФ_26_13_Ипатово
Ставропольский край,КВФ_26_14_Кисловодск,КВФ_26_14_Кисловодск
Ставропольский край,КВФ_26_15_Кочубеевское,КВФ_26_15_Кочубеевское
Ставропольский край,КВФ_26_18_Лермонтов,КВФ_26_18_Лермонтов
Ставропольский край,КВФ_26_19_Минеральные Воды,КВФ_26_19_Минеральные Воды
Ставропольский край,КВФ_26_2_Александровское,КВФ_26_2_Александровское
Ставропольский край,КВФ_26_20_Михайловск,КВФ_26_20_Михайловск
Ставропольский край,КВФ_26_21_Невинномысск,КВФ_26_21_Невинномысск
Ставропольский край,КВФ_26_22_Незлобная,КВФ_26_22_Незлобная
Ставропольский край,КВФ_26_23_Нефтекумск,КВФ_26_23_Нефтекумск
Ставропольский край,КВФ_26_24_Новоалександровск,КВФ_26_24_Новоалександровск
Ставропольский край,КВФ_26_25_Новопавловск,КВФ_26_25_Новопавловск
Ставропольский край,КВФ_26_26_Пятигорск,КВФ_26_26_Пятигорск
Ставропольский край,КВФ_26_28_Светлоград,КВФ_26_28_Светлоград
Ставропольский край,КВФ_26_3_Благодарный,КВФ_26_3_Благодарный
Ставропольский край,КВФ_26_30_Ставрополь,КВФ_26_30_Ставрополь
Ставропольский край,КВФ_26_31_Суворовская,КВФ_26_31_Суворовская
Ставропольский край,КВФ_26_4_Буденновск,КВФ_26_4_Буденновск
Ставропольский край,КВФ_26_5_Георгиевск,КВФ_26_5_Георгиевск
Ставропольский край,КВФ_26_7_Ессентуки,КВФ_26_7_Ессентуки
Ставропольский край,КВФ_26_9_Железноводск,КВФ_26_9_Железноводск
Белгородская область,КВФ_31_1_Алексеевка,КВФ_31_1_Алексеевка
Белгородская область,КВФ_31_11_Старый Оскол,КВФ_31_11_Старый Оскол
Белгородская область,КВФ_31_12_Строитель,КВФ_31_12_Строитель
Белгородская область,КВФ_31_14_Шебекино,КВФ_31_14_Шебекино
Белгородская область,КВФ_31_2_Белгород,КВФ_31_2_Белгород
Белгородская область,КВФ_31_4_Валуйки,КВФ_31_4_Валуйки
Белгородская область,КВФ_31_6_Губкин,КВФ_31_6_Губкин
Воронежская область,КВФ_36_1_Анна,КВФ_36_1_Анна
Воронежская область,КВФ_36_12_Лиски,КВФ_36_12_Лиски
Воронежская область,КВФ_36_15_Нововоронеж,КВФ_36_15_Нововоронеж
Воронежская область,КВФ_36_16_Острогожск,КВФ_36_16_Острогожск
Воронежская область,КВФ_36_17_Павловск,КВФ_36_17_Павловск
Воронежская область,КВФ_36_18_Поворино,КВФ_36_18_Поворино
Воронежская область,КВФ_36_2_Бобров,КВФ_36_2_Бобров
Воронежская область,КВФ_36_20_Россошь,КВФ_36_20_Россошь
Воронежская область,КВФ_36_21_Семилуки,КВФ_36_21_Семилуки
Воронежская область,КВФ_36_4_Борисоглебск,КВФ_36_4_Борисоглебск
Воронежская область,КВФ_36_5_Бутурлиновка,КВФ_36_5_Бутурлиновка
Воронежская область,КВФ_36_7_Воронеж,КВФ_36_7_Воронеж
Воронежская область,КВФ_36_8_Грибановский,КВФ_36_8_Грибановский
Воронежская область,КВФ_36_9_Калач,КВФ_36_9_Калач
Липецкая область,КВФ_48_1_Грязи,КВФ_48_1_Грязи
Липецкая область,КВФ_48_10_Усмань,КВФ_48_10_Усмань
Липецкая область,КВФ_48_11_Чаплыгин,КВФ_48_11_Чаплыгин
Липецкая область,КВФ_48_4_Елец,КВФ_48_4_Елец
Липецкая область,КВФ_48_6_Лебедянь,КВФ_48_6_Лебедянь
Липецкая область,КВФ_48_7_Данков,КВФ_48_7_Данков
Липецкая область,КВФ_48_8_Липецк,КВФ_48_8_Липецк
Республика Дагестан,КВФ_5_105_Чонтаул,КВФ_05_105_Чонтаул
Республика Дагестан,КВФ_5_110_Ахты,КВФ_5_110_Ахты
Республика Дагестан,КВФ_5_111_Бабаюрт,КВФ_5_111_Бабаюрт
Республика Дагестан,КВФ_5_112_Казанище,КВФ_5_112_Нижнее Казанище
Республика Дагестан,КВФ_5_113_Новосельской,КВФ_5_113_Новосельское
Республика Дагестан,КВФ_5_15_Белиджи,КВФ_05_15_Белиджи
Республика Дагестан,КВФ_5_19_Буйнакск,КВФ_5_19_Буйнакск
Республика Дагестан,КВФ_5_32_Дагестанские Огни,КВФ_5_32_Дагестанские Огни
Республика Дагестан,КВФ_5_33_Дербент,КВФ_5_33_Дербент
Республика Дагестан,КВФ_5_35_Доргели,КВФ_5_35_Доргели
Республика Дагестан,КВФ_5_36_Избербаш,КВФ_5_36_Избербаш
Республика Дагестан,КВФ_5_40_Карабудахкент,КВФ_05_40_Карабудахкент
Республика Дагестан,КВФ_5_43_Каспийск,КВФ_5_43_Каспийск
Республика Дагестан,КВФ_5_44_Касумкент,КВФ_5_44_Касумкент
Республика Дагестан,КВФ_5_45_Каякент,КВФ_5_45_Каякент
Республика Дагестан,КВФ_5_46_Кизилюрт,КВФ_5_46_Кизилюрт
Республика Дагестан,КВФ_5_47_Кизляр,КВФ_5_47_Кизляр
Республика Дагестан,КВФ_5_5_Акуша,КВФ_05_5_Акуша
Республика Дагестан,КВФ_5_56_Леваши,КВФ_05_56_Леваши
Республика Дагестан,КВФ_5_59_Мамедкала,КВФ_05_59_Мамедкала
Республика Дагестан,КВФ_5_61_Махачкала,КВФ_5_61_Махачкала
Республика Дагестан,КВФ_5_77_Новый Чиркей,КВФ_5_77_Новый Чиркей
Республика Дагестан,КВФ_5_98_Хаджалмахи,КВФ_05_98_Хаджалмахи
Республика Дагестан,КВФ_5_99_Хасавюрт,КВФ_5_99_Хасавюрт
Республика Ингушетия,КВФ_6_1_Карабулак,КВФ_6_1_Карабулак
Республика Ингушетия,КВФ_6_2_Магас,КВФ_6_2_Магас
Республика Ингушетия,КВФ_6_3_Малгобек,КВФ_6_3_Малгобек
Республика Ингушетия,КВФ_6_4_Назрань,КВФ_6_4_Назрань
Республика Ингушетия,КВФ_6_5_Сунжа,КВФ_6_5_Сунжа
Республика Ингушетия,КВФ_6_6_Ачалуки,КВФ_6_6_Ачалуки
Ростовская область,КВФ_61_1_Азов,КВФ_61_1_Азов
Ростовская область,КВФ_61_14_Гуково,КВФ_61_14_Гуково
Ростовская область,КВФ_61_15_Донецк,КВФ_61_15_Донецк
Ростовская область,КВФ_61_16_Зверево,КВФ_61_16_Зверево
Ростовская область,КВФ_61_17_Зерноград,КВФ_61_17_Зерноград
Ростовская область,КВФ_61_18_Каменск-Шахтинский,КВФ_61_18_Каменск-Шахтинский
Ростовская область,КВФ_61_22_Красный Сулин,КВФ_61_22_Красный Сулин
Ростовская область,КВФ_61_29_Миллерово,КВФ_61_29_Миллерово
Ростовская область,КВФ_61_30_Морозовск,КВФ_61_30_Морозовск
Ростовская область,КВФ_61_32_Новочеркасск,КВФ_61_32_Новочеркасск
Ростовская область,КВФ_61_33_Новошахтинск,КВФ_61_33_Новошахтинск
Ростовская область,КВФ_61_37_Пролетарск,КВФ_61_37_Пролетарск
Ростовская область,КВФ_61_38_Ростов-на-Дону,КВФ_61_38_Ростов-на-Дону
Ростовская область,КВФ_61_39_Сальск,КВФ_61_39_Сальск
Ростовская область,КВФ_61_4_Батайск,КВФ_61_4_Батайск
Ростовская область,КВФ_61_41_Семикаракорск,КВФ_61_41_Семикарокорск
Ростовская область,КВФ_61_43_Таганрог,КВФ_61_43_Таганрог
Ростовская область,КВФ_61_47_Шахты,КВФ_61_47_Шахты
Ростовская область,КВФ_61_5_Белая Калитва,КВФ_61_5_Белая Калитва
Ростовская область,КВФ_61_8_Волгодонск,КВФ_61_8_Волгодонск
Тамбовская область,КВФ_68_12_Рассказово,КВФ_68_12_Рассказово
Тамбовская область,КВФ_68_15_Тамбов,КВФ_68_15_Тамбов
Тамбовская область,КВФ_68_17_Уварово,КВФ_68_17_Уварово
Тамбовская область,КВФ_68_5_Кирсанов,КВФ_68_5_Кирсанов
Тамбовская область,КВФ_68_6_Котовск,КВФ_68_6_Котовск
Тамбовская область,КВФ_68_7_Мичуринск,КВФ_68_7_Мичуринск
Тамбовская область,КВФ_68_9_Моршанск,КВФ_68_9_Моршанск
Кабардино-Балкарская Республика,КВФ_7_1_Баксан,КВФ_7_1_Баксан
Кабардино-Балкарская Республика,КВФ_7_2_Заюково,КВФ_7_2_Заюково
Кабардино-Балкарская Республика,КВФ_7_3_Майский,КВФ_7_3_Майский
Кабардино-Балкарская Республика,КВФ_7_4_Нальчик,КВФ_7_4_Нальчик
Кабардино-Балкарская Республика,КВФ_7_5_Нарткала,КВФ_7_5_Нарткала
Кабардино-Балкарская Республика,КВФ_7_6_Прохладный,КВФ_7_6_Прохладный
Кабардино-Балкарская Республика,КВФ_7_7_Терек,КВФ_7_7_Терек
Кабардино-Балкарская Республика,КВФ_7_8_Тырныауз,КВФ_7_8_Тырнауз
Кабардино-Балкарская Республика,КВФ_7_9_Чегем-Второй,КВФ_7_9_Чегем_Второй
Карачаево-Черкесская Республика,КВФ_9_13_Черкесск,КВФ-9_13_Черкесск
Карачаево-Черкесская Республика,КВФ_9_17_Карачаевск,КВФ_9_17_Карачаевск
Карачаево-Черкесская Республика,КВФ_9_18_Усть-Джегута,КВФ_9_18_Усть-Джегута
Карачаево-Черкесская Республика,КВФ_9_3_Зеленчукская,КВФ_9_3_Зеленчукская
Карачаево-Черкесская Республика,КВФ_9_9_Учкекен,КВФ_9_9_Учкекен
Республика Марий Эл,ПВФ_12_1_Волжск,ПВФ_12_1_Волжск
Республика Марий Эл,ПВФ_12_3_Йошкар-Ола,ПВФ_12_3_Йошкар-Ола
Республика Марий Эл,ПВФ_12_4_Козьмодемьянск,ПВФ_12_4_Козьмодемьянск
Республика Марий Эл,ПВФ_12_5_Медведево,ПВФ_12_5_Медведево
Республика Мордовия,ПВФ_13_1_Зубова Поляна,ПВФ_13_1_Зубова_Поляна
Республика Мордовия,ПВФ_13_2_Троицк,ПВФ_13_2_Ковылкино
Республика Мордовия,ПВФ_13_3_Рузаевка,ПВФ_13_3_Рузаевка
Республика Мордовия,ПВФ_13_4_Саранск,ПВФ_13_4_Саранск
Республика Татарстан,ПВФ_16_1_Агрыз,ПВФ_16_1_Агрыз
Республика Татарстан,ПВФ_16_10_Черемшан,#Н/Д
Республика Татарстан,ПВФ_16_11_Буинск,ПВФ_16_11_Буинск
Республика Татарстан,ПВФ_16_12_Бугульма,ПВФ_16_12_Бугульма
Республика Татарстан,ПВФ_16_13_Елабуга,ПВФ_16_13_Елабуга
Республика Татарстан,ПВФ_16_14_Альметьевск,ПВФ_16_14_Альметьевск
Республика Татарстан,ПВФ_16_15_Заинск,ПВФ_16_15_Заинск
Республика Татарстан,ПВФ_16_16_Лениногорск,ПВФ_16_16_Лениногорск
Республика Татарстан,ПВФ_16_17_Менделеевск,ПВФ_16_17_Менделеевск
Республика Татарстан,ПВФ_16_18_Нурлат,ПВФ_16_18_Нурлат
Республика Татарстан,ПВФ_16_19_Чистополь,ПВФ_16_19_Чистополь
Республика Татарстан,ПВФ_16_2_Азнакаево,ПВФ_16_2_Азнакаево
Республика Татарстан,ПВФ_16_20_Бавлы,ПВФ_16_20_Черемшан
Республика Татарстан,ПВФ_16_3_Актаныш,ПВФ_16_3_Актаныш
Республика Татарстан,ПВФ_16_4_Джалиль,ПВФ_16_4_Джалиль
Республика Татарстан,ПВФ_16_5_Зеленодольск,ПВФ_16_5_Зеленодольск
Республика Татарстан,ПВФ_16_6_Казань_Авиастроительный,ПВФ_16_6_Казань_Авиастроительный
Республика Татарстан,ПВФ_16_6_Казань_Вахитовский,ПВФ_16_6_Казань_Вахитовский
Республика Татарстан,ПВФ_16_6_Казань_Кировский,ПВФ_16_6_Казань_Кировский
Республика Татарстан,ПВФ_16_6_Казань_Московский,ПВФ_16_6_Казань_Московский
Республика Татарстан,ПВФ_16_6_Казань_Ново-Савиновский,ПВФ_16_6_Казань_Ново-Савиновский
Республика Татарстан,ПВФ_16_6_Казань_Приволжский,ПВФ_16_6_Казань_Приволжский
Республика Татарстан,ПВФ_16_6_Казань_Советский,ПВФ_16_6_Казань_Советский
Республика Татарстан,ПВФ_16_7_Кукмор,ПВФ_16_7_Кукмор
Республика Татарстан,ПВФ_16_8_Набережные Челны,#Н/Д
Республика Татарстан,ПВФ_16_9_Нижнекамск,ПВФ_16_9_Нижнекамск
Республика Башкортостан,ПВФ_2_10_Дюртюли,ПВФ_02_10_Дюртюли
Республика Башкортостан,ПВФ_2_11_Иглино,ПВФ_02_11_Иглино
Республика Башкортостан,ПВФ_2_13_Ишимбай,ПВФ_02_13_Ишимбай
Республика Башкортостан,ПВФ_2_14_Кандры,ПВФ_02_14_Кандры
Республика Башкортостан,ПВФ_2_16_Кумертау,ПВФ_02_16_Кумертау
Республика Башкортостан,ПВФ_2_18_Мелеуз,ПВФ_02_18_Мелеуз
Республика Башкортостан,ПВФ_2_20_Нефтекамск,ПВФ_02_20_Нефтекамск
Республика Башкортостан,ПВФ_2_21_Октябрьский,ПВФ_02_21_Октябрьский
Республика Башкортостан,ПВФ_2_22_Приютово,ПВФ_02_22_Приютово
Республика Башкортостан,ПВФ_2_23_Раевский,ПВФ_02_23_Раевский
Республика Башкортостан,ПВФ_2_24_Салават,ПВФ_02_24_Салават
Республика Башкортостан,ПВФ_2_25_Сибай,ПВФ_02_25_Сибай
Республика Башкортостан,ПВФ_2_26_Стерлитамак,ПВФ_02_26_Стерлитамак
Республика Башкортостан,ПВФ_2_28_Туймазы,ПВФ_02_28_Туймазы
Республика Башкортостан,ПВФ_2_29_Уфа_Демский,ПВФ_2_29_Уфа_Демский
Республика Башкортостан,ПВФ_2_29_Уфа_Калининский,ПВФ_2_29_Уфа_Калининский
Республика Башкортостан,ПВФ_2_29_Уфа_Кировский,ПВФ_2_29_Уфа_Кировский
Республика Башкортостан,ПВФ_2_29_Уфа_Ленинский,ПВФ_2_29_Уфа_Ленинский
Республика Башкортостан,ПВФ_2_29_Уфа_Октябрьский,ПВФ_2_29_Уфа_Октябрьский
Республика Башкортостан,ПВФ_2_29_Уфа_Орджоникидзевский,ПВФ_2_29_Уфа_Орджоникидзевский
Республика Башкортостан,ПВФ_2_29_Уфа_пригород,ПВФ_2_29_Уфа_пригород
Республика Башкортостан,ПВФ_2_29_Уфа_Советский,ПВФ_2_29_Уфа_Советский
Республика Башкортостан,ПВФ_2_30_Учалы,ПВФ_02_30_Учалы
Республика Башкортостан,ПВФ_2_32_Чишмы,ПВФ_02_32_Чишмы
Республика Башкортостан,ПВФ_2_33_Янаул,ПВФ_02_33_Янаул
Республика Башкортостан,ПВФ_2_4_Белебей,ПВФ_02_4_Белебей
Республика Башкортостан,ПВФ_2_5_Белорецк,ПВФ_02_5_Белорецк
Республика Башкортостан,ПВФ_2_6_Бирск,ПВФ_02_6_Бирск
Республика Башкортостан,ПВФ_2_9_Давлеканово,ПВФ_02_9_Давлеканово
Республика Чувашия,ПВФ_21_1_Алатырь,ПВФ_21_1_Алатырь
Республика Чувашия,ПВФ_21_4_Канаш,ПВФ_21_4_Канаш
Республика Чувашия,ПВФ_21_5_Кугеси,ПВФ_21_5_Кугеси
Республика Чувашия,ПВФ_21_6_Новочебоксарск,ПВФ_21_6_Новочебоксарск
Республика Чувашия,ПВФ_21_7_Цивильск,ПВФ_21_7_Цивильск
Республика Чувашия,ПВФ_21_8_Чебоксары,ПВФ_21_8_Чебоксары
Республика Чувашия,ПВФ_21_9_Шумерля,ПВФ_21_9_Шумерля
Астраханская область,ПВФ_30_1_Астрахань,ПВФ_30_1_Астрахань
Астраханская область,ПВФ_30_3_Камызяк,ПВФ_30_3_Камызяк
Астраханская область,ПВФ_30_4_Ахтубинск,ПВФ_30_4_Ахтубинск
Астраханская область,ПВФ_30_5_Знаменск,ПВФ_30_5_Знаменск
Волгоградская область,ПВФ_34_117_Урюпинск,ПВФ_34_117_Урюпинск
Волгоградская область,ПВФ_34_119_Фролово,ПВФ_34_119_Фролово
Волгоградская область,ПВФ_34_15_Волгоград_Ворошиловский,ПВФ_34_15_Волгоград_Ворошиловский
Волгоградская область,ПВФ_34_15_Волгоград_Дзержинский,ПВФ_34_15_Волгоград_Дзержинский
Волгоградская область,ПВФ_34_15_Волгоград_Кировский,ПВФ_34_15_Волгоград_Кировский
Волгоградская область,ПВФ_34_15_Волгоград_Красноармейский,ПВФ_34_15_Волгоград_Красноармейский
Волгоградская область,ПВФ_34_15_Волгоград_Краснооктябрьский,ПВФ_34_15_Волгоград_Краснооктябрьский
Волгоградская область,ПВФ_34_15_Волгоград_пригород,ПВФ_34_15_Волгоград_пригород
Волгоградская область,ПВФ_34_15_Волгоград_Советский,ПВФ_34_15_Волгоград_Советский
Волгоградская область,ПВФ_34_15_Волгоград_Тракторозаводской,ПВФ_34_15_Волгоград_Тракторозаводской
Волгоградская область,ПВФ_34_15_Волгоград_Центральный,ПВФ_34_15_Волгоград_Центральный
Волгоградская область,ПВФ_34_44_Калач-на-Дону,ПВФ_34_44_Калач-на-Дону
Волгоградская область,ПВФ_34_45_Камышин,ПВФ_34_45_Камышин
Волгоградская область,ПВФ_34_52_Котельниково,ПВФ_34_52_Котельниково
Волгоградская область,ПВФ_34_53_Котово,ПВФ_34_53_Котово
Волгоградская область,ПВФ_34_66_Михайловка,ПВФ_34_66_Михайловка
Оренбургская область,ПВФ_56_1_Абдулино,ПВФ_56_1_Абдулино
Оренбургская область,ПВФ_56_11_Соль-Илецк,ПВФ_56_11_Соль-Илецк
Оренбургская область,ПВФ_56_12_Сорочинск,ПВФ_56_12_Сорочинск
Оренбургская область,ПВФ_56_13_Ясный,ПВФ_56_13_Ясный
Оренбургская область,ПВФ_56_2_Бугуруслан,ПВФ_56_2_Бугуруслан
Оренбургская область,ПВФ_56_3_Бузулук,ПВФ_56_3_Бузулук
Оренбургская область,ПВФ_56_4_Гай,ПВФ_56_4_Гай
Оренбургская область,ПВФ_56_5_Кувандык,ПВФ_56_5_Кувандык
Оренбургская область,ПВФ_56_6_Медногорск,ПВФ_56_6_Медногорск
Оренбургская область,ПВФ_56_7_Новотроицк,ПВФ_56_7_Новотроицк
Оренбургская область,ПВФ_56_8_Оренбург,ПВФ_56_8_Оренбург
Оренбургская область,ПВФ_56_9_Орск,ПВФ_56_9_Орск
Пензенская область,ПВФ_58_1_Башмаково,ПВФ_58_1_Башмаково
Пензенская область,ПВФ_58_10_Никольск,ПВФ_58_10_Никольск
Пензенская область,ПВФ_58_11_Пенза,ПВФ_58_11_Пенза
Пензенская область,ПВФ_58_12_Сердобск,ПВФ_58_12_Сердобск
Пензенская область,ПВФ_58_3_Заречный,ПВФ_58_3_Заречный
Пензенская область,ПВФ_58_4_Земетчино,ПВФ_58_4_Земетчино
Пензенская область,ПВФ_58_5_Каменка,ПВФ_58_5_Каменка
Пензенская область,ПВФ_58_7_Кузнецк,ПВФ_58_7_Кузнецк
Пензенская область,ПВФ_58_9_Нижний Ломов,ПВФ_58_9_Нижний Ломов
Самарская область,ПВФ_63_1_Безенчук,ПВФ_63_1_Безенчук
Самарская область,ПВФ_63_10_Отрадный,ПВФ_63_10_Отрадный
Самарская область,ПВФ_63_12_Похвистнево,ПВФ_63_12_Похвистнево
Самарская область,ПВФ_63_13_Самара_Железнодорожный,ПВФ_63_13_Самара_Железнодорожный
Самарская область,ПВФ_63_13_Самара_Кировский,ПВФ_63_13_Самара_Кировский
Самарская область,ПВФ_63_13_Самара_Красноглинский,ПВФ_63_13_Самара_Красноглинский
Самарская область,ПВФ_63_13_Самара_Куйбышевский,ПВФ_63_13_Самара_Куйбышевский
Самарская область,ПВФ_63_13_Самара_Ленинский,ПВФ_63_13_Самара_Ленинский
Самарская область,ПВФ_63_13_Самара_Октябрьский,ПВФ_63_13_Самара_Октябрьский
Самарская область,ПВФ_63_13_Самара_Промышленный,ПВФ_63_13_Самара_Промышленный
Самарская область,ПВФ_63_13_Самара_Самарский,ПВФ_63_13_Самара_Самарский
Самарская область,ПВФ_63_13_Самара_Советский,ПВФ_63_13_Самара_Советский
Самарская область,ПВФ_63_14_Сызрань,ПВФ_63_14_Сызрань
Самарская область,ПВФ_63_15_Тольятти,ПВФ_63_15_Тольятти
Самарская область,ПВФ_63_16_Чапаевск,ПВФ_63_16_Чапаевск
Самарская область,ПВФ_63_4_Жигулевск,ПВФ_63_4_Жигулевск
Самарская область,ПВФ_63_5_Кинель,ПВФ_63_5_Кинель
Самарская область,ПВФ_63_8_Новокуйбышевск,ПВФ_63_8_Новокуйбышевск
Самарская область,ПВФ_63_9_Октябрьск,ПВФ_63_9_Октябрьск
Саратовская область,ПВФ_64_14_ЕРШОВ,ПВФ_64_14_Ершов
Саратовская область,ПВФ_64_17_КРАСНОАРМЕЙСК,ПВФ_64_17_Красноармейск
Саратовская область,ПВФ_64_18_КРАСНЫЙ КУТ,ПВФ_64_18_Красный_Кут
Саратовская область,ПВФ_64_20_МАРКС,ПВФ_64_20_Маркс
Саратовская область,ПВФ_64_26_ПЕТРОВСК,ПВФ_64_26_Петровск
Саратовская область,ПВФ_64_28_ПУГАЧЕВ,ПВФ_64_28_Пугачев
Саратовская область,ПВФ_64_3_АТКАРСК,ПВФ_64_3_Аткарск
Саратовская область,ПВФ_64_32_РТИЩЕВО,ПВФ_64_32_Ртищево
Саратовская область,ПВФ_64_35_Саратов,ПВФ_64_35_Саратов
Саратовская область,ПВФ_64_39_ТАТИЩЕВО,ПВФ_64_39_Татищево
Саратовская область,ПВФ_64_43_ЭНГЕЛЬС,ПВФ_64_43_Энгельс
Саратовская область,ПВФ_64_5_БАЛАКОВО,ПВФ_64_5_Балаково
Саратовская область,ПВФ_64_6_БАЛАШОВ,ПВФ_64_6_Балашов
Саратовская область,ПВФ_64_8_ВОЛЬСК,ПВФ_64_8_Вольск
Ульяновская область,ПВФ_73_1_Барыш,ПВФ_73_1_Барыш
Ульяновская область,ПВФ_73_2_Димитровград,ПВФ_73_2_Димитровград
Ульяновская область,ПВФ_73_3_Инза,ПВФ_73_3_Инза
Ульяновская область,ПВФ_73_4_Новоульяновск,ПВФ_73_4_Новоульяновск
Ульяновская область,ПВФ_73_5_Ульяновск,ПВФ_73_5_Ульяновск
Республика Калмыкия,ПВФ_8_5_Элиста,ПВФ_8_5_Элиста
Республика Тыва,СБФ_17_1_Кызыл,СБФ_17_1_Кызыл
Республика Хакасия,СБФ_19_1_Абакан,СБФ_19_1_Абакан
Республика Хакасия,СБФ_19_3_Саяногорск,СБФ_19_3_Саяногорск
Республика Хакасия,СБФ_19_4_Черногорск,СБФ_19_4_Черногорск
Алтайский край,СБФ_22_11_Бийск,СБФ_22_11_Бийск
Алтайский край,СБФ_22_2_Алейск,СБФ_22__2_Алейск
Алтайский край,СБФ_22_32_Заринск,СБФ_22_32_Заринск
Алтайский край,СБФ_22_38_Камень-на-Оби,СБФ_22_38_Камень-на-Оби
Алтайский край,СБФ_22_55_Новоалтайск,СБФ_22_55_Новоалтайск
Алтайский край,СБФ_22_60_Павловск,СБФ_22_60_Павловск
Алтайский край,СБФ_22_75_Рубцовск,СБФ_22_75_Рубцовск
Алтайский край,СБФ_22_78_Славгород,СБФ_22_78_Славгород
Алтайский край,СБФ_22_8_Барнаул,СБФ_22_8_Барнаул
Алтайский край,СБФ_22_85_Тальменка,СБФ_22_85_Тальменка
Красноярский край,СБФ_24_1_Красноярск,СБФ_24_1_Красноярск
Красноярский край,СБФ_24_10_Сосновоборск,СБФ_24_10_Сосновоборск
Красноярский край,СБФ_24_11_Дивногорск,СБФ_24_11_Дивногорск
Красноярский край,СБФ_24_12_Боготол,СБФ_24_12_Боготол
Красноярский край,СБФ_24_13_Енисейск,СБФ_24_13_Енисейск
Красноярский край,СБФ_24_14_Норильск,СБФ_24_14_Норильск
Красноярский край,СБФ_24_15_Дудинка,СБФ_24_15_Дудинка
Красноярский край,СБФ_24_2_Ачинск,СБФ_24_2_Ачинск
Красноярский край,СБФ_24_3_Канск,СБФ_24_3_Канск
Красноярский край,СБФ_24_4_Минусинский,СБФ_24_4_Минусинск
Красноярский край,СБФ_24_5_Железногорск,СБФ_24_5_Железногорск
Красноярский край,СБФ_24_6_Зеленогорск,СБФ_24_6_Зеленогорск
Красноярский край,СБФ_24_7_Лесосибирск,СБФ_24_7_Лесосибирск
Красноярский край,СБФ_24_8_Назарово,СБФ_24_8_Назарово
Красноярский край,СБФ_24_9_Шарыпово,СБФ_24_9_Шарыпово
Республика Алтай,СБФ_4_5_Майма,СБФ_4_5_Майма
Республика Алтай,СБФ_4_7_Горно-Алтайск,СБФ_4_7_Горно-Алтайск
Кемеровская область,СБФ_42_10_Белово,СБФ_42_10_Белово
Кемеровская область,СБФ_42_12_Березовский,СБФ_42_12_Березовский
Кемеровская область,СБФ_42_19_Гурьевск,СБФ_42_19_Гурьевск
Кемеровская область,СБФ_42_27_Кемерово,СБФ_42_27_Кемерово
Кемеровская область,СБФ_42_28_Киселевск,СБФ_42_28_Киселевск
Кемеровская область,СБФ_42_33_Краснобродский,СБФ_42_33_Краснобродский
Кемеровская область,СБФ_42_35_Ленинск-Кузнецкий,СБФ_42_35_Ленинск-Кузнецкий
Кемеровская область,СБФ_42_40_Мариинск,СБФ_42_40_Мариинск
Кемеровская область,СБФ_42_41_Междуреченск,СБФ_42_41_Междуреченск
Кемеровская область,СБФ_42_43_Мыски,СБФ_42_43_Мыски
Кемеровская область,СБФ_42_45_Новокузнецк,СБФ_42_45_Новокузнецк
Кемеровская область,СБФ_42_49_Осинники,СБФ_42_49_Осинники
Кемеровская область,СБФ_42_51_Прокопьевск,СБФ_42_51_Прокопьевск
Кемеровская область,СБФ_42_52_Промышленная,СБФ_42_52_Промышленная
Кемеровская область,СБФ_42_59_Тайга,СБФ_42_59_Тайга
Кемеровская область,СБФ_42_6_Анжеро-Судженск,СБФ_42_6_Анжеро-Судженск
Кемеровская область,СБФ_42_61_Таштагол,СБФ_42_61_Таштагол
Кемеровская область,СБФ_42_66_Топки,СБФ_42_66_Топки
Кемеровская область,СБФ_42_75_Юрга,СБФ_42_75_Юрга
Новосибирская область,СБФ_54_1_Купино,СБФ_54_1_Купино
Новосибирская область,СБФ_54_10_Ордынское,СБФ_54_10_Ордынское
Новосибирская область,СБФ_54_11_Новосибирск,СБФ_54_11_Новосибирск
Новосибирская область,СБФ_54_12_Карасук,СБФ_54_12_Карасук
Новосибирская область,СБФ_54_2_Куйбышев,СБФ_54_2_Куйбышев
Новосибирская область,СБФ_54_3_Болотное,СБФ_54_3_Болотное
Новосибирская область,СБФ_54_4_Искитим,СБФ_54_4_Искитим
Новосибирская область,СБФ_54_5_Венгерово,СБФ_54_5_Венгерово
Новосибирская область,СБФ_54_6_Довольное,СБФ_54_6_Довольное
Новосибирская область,СБФ_54_7_Черепаново,СБФ_54_7_Черепаново
Новосибирская область,СБФ_54_8_Тогучин,СБФ_54_8_Тогучин
Новосибирская область,СБФ_54_9_Каргат,СБФ_54_9_Каргат
Омская область,СБФ_55_11_Лузино,СБФ_55_11_Лузино
Омская область,СБФ_55_12_Любинский,СБФ_55_12_Любинский
Омская область,СБФ_55_21_Омск,#Н/Д
Омская область,СБФ_55_27_Таврическое,СБФ_55_27_Таврическое v3
Омская область,СБФ_55_28_Тара,СБФ_55_28_Тара v3
Омская область,СБФ_55_33_Черлак,СБФ_55_33_Черлак v3
Омская область,СБФ_55_6_Исилькуль,СБФ_55_6_Исилькуль
Омская область,СБФ_55_7_Калачинск,СБФ_55_7_Калачинск
Томская область,СБФ_70_1_Асино,СБФ_70_1_Асино
Томская область,СБФ_70_2_Колпашево,СБФ_70_2_Колпашево
Томская область,СБФ_70_3_Северск,СБФ_70_3_Северск
Томская область,СБФ_70_4_Стрежевой,СБФ_70_4_Стрежевой
Томская область,СБФ_70_5,СБФ_70_5_Томск
Республика Карелия,СЗФ_10_2_Кондопога,СЗФ_10_2_Кондопога
Республика Карелия,СЗФ_10_3_Костомукша,СЗФ_10_3_Костомукша
Республика Карелия,СЗФ_10_6_Петрозаводск,СЗФ_10_6_Петрозаводск
Республика Карелия,СЗФ_10_8_Сегежа,СЗФ_10_8_Сегежа
Республика Карелия,СЗФ_10_9_Сортавала,СЗФ_10_9_Сортавала
Архангельская область,СЗФ_29_1_Вологда,СЗФ_29_1_Архангельск
Архангельская область,СЗФ_29_10_Северодвинск,СЗФ_29_10_Северодвинск
Архангельская область,СЗФ_29_2_Вельск,СЗФ_29_2_Вельск
Архангельская область,СЗФ_29_4_Коряжма,СЗФ_29_4_Коряжма
Архангельская область,СЗФ_29_5_Котлас,СЗФ_29_5_Котлас
Архангельская область,СЗФ_29_6_Мирный,СЗФ_29_6_Мирный
Архангельская область,СЗФ_29_7_Новодвинск,СЗФ_29_7_Новодвинск
Архангельская область,СЗФ_29_8_Няндома,СЗФ_29_8_Няндома
Вологодская область,СЗФ_35_17_Сокол,Сокол
Вологодская область,СЗФ_35_25_Череповец,СЗФ_35_25_Череповец
Вологодская область,СЗФ_35_26_Шексна,СЗФ_35_26_Шексна
Вологодская область,СЗФ_35_4_Великий Устюг,СЗФ_35_4_Великий Устюг
Вологодская область,СЗФ_35_7,СЗФ_35_7_Вологда
Ивановская область,СЗФ_37_1_Вичуга,СЗФ_37_1_Вичуга
Ивановская область,СЗФ_37_10_Шуя,СЗФ_37_10_Шуя
Ивановская область,СЗФ_37_3_Иваново,СЗФ_37_3_Иваново
Ивановская область,СЗФ_37_4_Кинешма,СЗФ_37_4_Кинешма
Ивановская область,СЗФ_37_5_Кохма,СЗФ_37_5_Кохма
Ивановская область,СЗФ_37_6_Приволжск,СЗФ_37_6_Приволжск
Ивановская область,СЗФ_37_7_Родники,СЗФ_37_7_Родники
Ивановская область,СЗФ_37_8_Тейково,СЗФ_37_8_Тейково
Ивановская область,СЗФ_37_9_Фурманов,СЗФ_37_9_Фурманов
Калининградская область,СЗФ_39_1_Балтийск,СЗФ_39_1_Балтийск
Калининградская область,СЗФ_39_2_Гурьевск,СЗФ_39_2_Гурьевск
Калининградская область,СЗФ_39_3_Гусев,СЗФ_39_3_Гусев
Калининградская область,СЗФ_39_4_Зеленоградск,СЗФ_39_4_Зеленоградск
Калининградская область,СЗФ_39_5_Калининград,СЗФ_39_5_Калининград
Калининградская область,СЗФ_39_6_Светлый,СЗФ_39_6_Светлый
Калининградская область,СЗФ_39_7_Советск,СЗФ_39_7_Советск
Калининградская область,СЗФ_39_8_Черняховск,СЗФ_39_8_Черняховск
Костромская область,СЗФ_44_1_Буй,СЗФ_44_1_Буй_ Новый
Костромская область,СЗФ_44_2_Волгореченск,СЗФ_44_2_Волгореченск
Костромская область,СЗФ_44_4_Кострома,СЗФ_44_4_Кострома
Костромская область,СЗФ_44_5_Нерехта,СЗФ_44_5_Нерехта
Костромская область,СЗФ_44_7_Шарья,СЗФ_44_7_Шарья
Ленинградская область,СЗФ_47_1_Волхов,СЗФ_47_1_Волхов
Ленинградская область,СЗФ_47_10_Никольское,СЗФ_47_10_Никольское
Ленинградская область,СЗФ_47_11_Отрадное,СЗФ_47_11_Отрадное
Ленинградская область,СЗФ_47_12_Пикалево,СЗФ_47_12_Пикалево
Ленинградская область,СЗФ_47_13_Сертолово,СЗФ_47_13_Сертолово
Ленинградская область,СЗФ_47_14_Сланцы,СЗФ_47_14_Сланцы
Ленинградская область,СЗФ_47_15_Сосновый Бор,СЗФ_47_15_Сосновый_Бор
Ленинградская область,СЗФ_47_16_Тихвин,СЗФ_47_16_Тихвин
Ленинградская область,СЗФ_47_17_Тосно,СЗФ_47_17_Тосно
Ленинградская область,СЗФ_47_18_Коммунар,СЗФ_47_18_Коммунар
Ленинградская область,СЗФ_47_2_Всеволожск,СЗФ_47_2_Всеволожск
Ленинградская область,СЗФ_47_3_Выборг,СЗФ_47_3_Выборг
Ленинградская область,СЗФ_47_4_Гатчина,СЗФ_47_4_Гатчина
Ленинградская область,СЗФ_47_5_Кингисепп,СЗФ_47_5_Кингисепп
Ленинградская область,СЗФ_47_6_Кириши,СЗФ_47_6_Кириши
Ленинградская область,СЗФ_47_7_Кировск,СЗФ_47_7_Кировск
Ленинградская область,СЗФ_47_8_Лодейное Поле,СЗФ_47_8_Лодейное_поле
Ленинградская область,СЗФ_47_9_Луга,СЗФ_47_9_Луга
Мурманская область,СЗФ_51_11_Оленегорск,СЗФ_51_11_Оленегорск
Мурманская область,СЗФ_51_15_Североморск,СЗФ_51_15_Североморск
Мурманская область,СЗФ_51_18_Мончегорск,СЗФ_51_18_Мончегорск
Мурманская область,СЗФ_51_2_Александровск,СЗФ_51_2_Александровск
Мурманская область,СЗФ_51_3_Апатиты,СЗФ_51_3_Апатиты
Мурманская область,СЗФ_51_7_Кандалакша,СЗФ_51_7_Кандалакша
Мурманская область,СЗФ_51_8_Кировск,СЗФ_51_8_Кировск
Мурманская область,СЗФ_51_9_Мурманск,СЗФ_51_9_Мурманск
Новгородская область,СЗФ_53_1_еликий Новгород,СЗФ_53_1_Великий Новгород
Новгородская область,СЗФ_53_2_Боровичи,СЗФ_53_2_Боровичи
Новгородская область,СЗФ_53_4_Старая Русса,СЗФ_53_4_Старая Русса
Псковская область,СЗФ_60_1_Великие Луки,СЗФ_60_1_Великие Луки
Псковская область,СЗФ_60_2_Остров,СЗФ_60_2_Остров
Псковская область,СЗФ_60_3_Псков,СЗФ_60_3_Псков
Смоленская область,СЗФ_67_1_Вязьма,СЗФ_67_1_Вязьма
Смоленская область,СЗФ_67_2_Гагарин,СЗФ_67_2_Гагарин
Смоленская область,СЗФ_67_3_Десногорск,СЗФ_67_3_Десногорск
Смоленская область,СЗФ_67_4_Рославль,СЗФ_67_4_Рославль
Смоленская область,СЗФ_67_5_Сафоново,СЗФ_67_5_Сафоново
Смоленская область,СЗФ_67_6_Смоленск,СЗФ_67_6_Смоленск
Смоленская область,СЗФ_67_7_Ярцево,СЗФ_67_7_Ярцево
Тверская область,СЗФ_69_1_Бежецк,СЗФ_69_1_Бежецк
Тверская область,СЗФ_69_10_Тверь,СЗФ_69_10_Тверь
Тверская область,СЗФ_69_11_Торжок,СЗФ_69_11_Торжок
Тверская область,СЗФ_69_12_Удомля,СЗФ_69_12_Удомля
Тверская область,СЗФ_69_2_Бологое,СЗФ_69_2_Бологое
Тверская область,СЗФ_69_3_Вышний Волочек,СЗФ_69_3_Вышний Волочек
Тверская область,СЗФ_69_4_Кимры,СЗФ_69_4_Кимры
Тверская область,СЗФ_69_5_Конаково,СЗФ_69_5_Конаково
Тверская область,СЗФ_69_6_Нелидово,СЗФ_69_6_Нелидово
Тверская область,СЗФ_69_7_Осташков,СЗФ_69_7_Осташков
Тверская область,СЗФ_69_8_Редкино,СЗФ_69_8_Редкино
Тверская область,СЗФ_69_9_Ржев,СЗФ_69_9_Ржев
Ярославская область,СЗФ_76_1_Гаврилов-Ям,СЗФ_76_1_Гаврилов-Ям
Ярославская область,СЗФ_76_3_Переславль-Залесский,СЗФ_76_3_Переславль-Залесский
Ярославская область,СЗФ_76_4_Ростов,СЗФ_76_4_Ростов
Ярославская область,СЗФ_76_5_Рыбинск,СЗФ_76_5_Рыбинск
Ярославская область,СЗФ_76_7_Углич,СЗФ_76_7_Углич
Ярославская область,СЗФ_76_8_Ярославль,СЗФ_76_8_Ярославль
Санкт-Петербург,СЗФ_78_2_Санкт-Петербург_Адмиралтейский,СЗФ_78_2_Санкт-Петербург_Адмиралтейский
Санкт-Петербург,СЗФ_78_2_Санкт-Петербург_Василеостровский,СЗФ_78_2_Санкт-Петербург_Василеостровский
Санкт-Петербург,СЗФ_78_2_Санкт-Петербург_Выборгский,СЗФ_78_2_Санкт-Петербург_Выборгский
Санкт-Петербург,СЗФ_78_2_Санкт-Петербург_Калининский,СЗФ_78_2_Санкт-Петербург_Калининский
Санкт-Петербург,СЗФ_78_2_Санкт-Петербург_Кировский,СЗФ_78_2_Санкт-Петербург_Кировский
Ленинградская область,СЗФ_78_2_Санкт-Петербург_Колпинский,СЗФ_78_2_Санкт-Петербург_Колпинский
Санкт-Петербург,СЗФ_78_2_Санкт-Петербург_Красногвардейский,СЗФ_78_2_Санкт-Петербург_Красногвардейский
Ленинградская область,СЗФ_78_2_Санкт-Петербург_Красносельский,СЗФ_78_2_Санкт-Петербург_Красносельский
Санкт-Петербург,СЗФ_78_2_Санкт-Петербург_Кронштадский,СЗФ_78_2_Санкт-Петербург_Кронштадтский
Ленинградская область,СЗФ_78_2_Санкт-Петербург_Курортный,СЗФ_78_2_Санкт-Петербург_Курортный
Санкт-Петербург,СЗФ_78_2_Санкт-Петербург_Московский,СЗФ_78_2_Санкт-Петербург_Московский
Ленинградская область,СЗФ_78_2_Санкт-Петербург_Невский,СЗФ_78_2_Санкт-Петербург_Невский
Санкт-Петербург,СЗФ_78_2_Санкт-Петербург_Петроградский,СЗФ_78_2_Санкт-Петербург_Петроградский
Ленинградская область,СЗФ_78_2_Санкт-Петербург_Петродворцовый,СЗФ_78_2_Санкт-Петербург_Петродворцовый
Санкт-Петербург,СЗФ_78_2_Санкт-Петербург_Приморский,СЗФ_78_2_Санкт-Петербург_Приморский
Санкт-Петербург,СЗФ_78_2_Санкт-Петербург_Пушкинский,СЗФ_78_2_Санкт-Петербург_Пушкинский
Санкт-Петербург,СЗФ_78_2_Санкт-Петербург_Фрунзенский,СЗФ_78_2_Санкт-Петербург_Фрунзенский
Санкт-Петербург,СЗФ_78_2_Санкт-Петербург_Центральный,СЗФ_78_2_Санкт-Петербург_Центральный
Ненецкий автономный округ,СЗФ_83_1_1_Нарьян-Мар_город,СЗФ_83_1_Нарьян-Мар
Москва,СтФ_50_Балашиха,СтФ_50_Балашиха
Московская область,СтФ_50_Бронницы городской,СтФ_50_Бронницы городской округ
Московская область,СтФ_50_Власиха,СтФ_50_Власиха
Московская область,СтФ_50_Волоколамский райо,СтФ_50_Волоколамский район
Московская область,СтФ_50_Воскресенский райо,СтФ_50_Воскресенский район
Московская область,СтФ_50_Восход,СтФ_50_Восход
Москва,СтФ_50_Дзержинский,СтФ_50_Дзержинский
Московская область,СтФ_50_Дмитровский район,СтФ_50_Дмитровский район
Московская область,СтФ_50_Долгопрудный,СтФ_50_Долгопрудный
Московская область,СтФ_50_Домодедово,СтФ_50_Домодедово
Московская область,СтФ_50_Дубна,СтФ_50_Дубна
Московская область,СтФ_50_Егорьевский район,СтФ_50_Егорьевский район
Московская область,СтФ_50_Железнодорожный,СтФ_50_Железнодорожный
Москва,СтФ_50_Жуковский городско,СтФ_50_Жуковский городской округ
Московская область,СтФ_50_Зарайский район,СтФ_50_Зарайский район
Московская область,СтФ_50_Звёздный городок,СтФ_50_Звёздный городок
Московская область,СтФ_50_Звенигород,СтФ_50_Звенигород
Московская область,СтФ_50_Ивантеевка,СтФ_50_Ивантеевка
Московская область,СтФ_50_Истринский район,СтФ_50_Истринский район
Московская область,СтФ_50_Каширский район,СтФ_50_Каширский район
Московская область,СтФ_50_Климовск,СтФ_50_Климовск
Московская область,СтФ_50_Клинский район,СтФ_50_Клинский район
Московская область,СтФ_50_Коломенский район,СтФ_50_Коломенский район
Москва,СтФ_50_Коломна,СтФ_50_Коломна
Москва,СтФ_50_Королёв,СтФ_50_Королёв
Московская область,СтФ_50_Котельники,СтФ_50_Котельники
Московская область,СтФ_50_Красноармейск,СтФ_50_Красноармейск
Москва,СтФ_50_Красногорский райо,СтФ_50_Красногорский район
Московская область,СтФ_50_Краснознаменск,СтФ_50_Краснознаменск
Москва,СтФ_50_Ленинский район,СтФ_50_Ленинский район
Московская область,СтФ_50_Лобня,СтФ_50_Лобня
Московская область,СтФ_50_Лосино-Петровский,СтФ_50_Лосино-Петровский
Московская область,СтФ_50_Лотошинский район,СтФ_50_Лотошинский район
Московская область,СтФ_50_Луховицкий район,СтФ_50_Луховицкий район
Московская область,СтФ_50_Лыткарино,СтФ_50_Лыткарино
Московская область,СтФ_50_Люберецкий район,СтФ_50_Люберецкий район
Московская область,СтФ_50_Можайский район,СтФ_50_Можайский район
Московская область,СтФ_50_Молодёжный,СтФ_50_Молодёжный
Москва,СтФ_50_Мытищинский район,СтФ_50_Мытищинский район
Москва,СтФ_50_Наро-Фоминский рай,СтФ_50_Наро-Фоминский район
Московская область,СтФ_50_Ногинский район,СтФ_50_Ногинский район
Москва,СтФ_50_Одинцовский район,СтФ_50_Одинцовский район
Московская область,СтФ_50_Озёрский район,СтФ_50_Озёрский район
Москва,СтФ_50_Орехово-Зуево,СтФ_50_Орехово-Зуево
Московская область,СтФ_50_Орехово-Зуевский р,СтФ_50_Орехово-Зуевский район
Московская область,СтФ_50_Павлово-Посадский,СтФ_50_Павлово-Посадский район
Москва,СтФ_50_Подольск,СтФ_50_Подольск
Московская область,СтФ_50_Подольский район,СтФ_50_Подольский район
Московская область,СтФ_50_Протвино,СтФ_50_Протвино
Московская область,СтФ_50_Пушкинский район,СтФ_50_Пушкинский район
Московская область,СтФ_50_Пущино,СтФ_50_Пущино
Московская область,СтФ_50_Раменский район,СтФ_50_Раменский район
Московская область,СтФ_50_Реутов,СтФ_50_Реутов
Московская область,СтФ_50_Рошаль,СтФ_50_Рошаль
Московская область,СтФ_50_Рузский район,СтФ_50_Рузский район
Москва,СтФ_50_Сергиево-Посадский,СтФ_50_Серебряно-Прудский район
Московская область,СтФ_50_Серебряно-Прудский,СтФ_50_Серебряно-Прудский район
Московская область,СтФ_50_Серпухов,СтФ_50_Серпухов
Московская область,СтФ_50_Серпуховский район,СтФ_50_Серпуховский район
Московская область,СтФ_50_Солнечногорский ра,СтФ_50_Солнечногорский район
Московская область,СтФ_50_Ступинский район,СтФ_50_Ступинский район
Московская область,СтФ_50_Талдомский район,СтФ_50_Талдомский район
Московская область,СтФ_50_Фрязино,СтФ_50_Фрязино
Москва,СтФ_50_Химки,СтФ_50_Химки
Московская область,СтФ_50_Черноголовка,СтФ_50_Черноголовка
Московская область,СтФ_50_Чеховский район,СтФ_50_Чеховский район
Московская область,СтФ_50_Шатурский район,СтФ_50_Шатурский район
Московская область,СтФ_50_Шаховской район,СтФ_50_Шаховской район
Московская область,СтФ_50_Щёлковский район,СтФ_50_Щёлковский район
Московская область,СтФ_50_Электрогорск,СтФ_50_Электрогорск
Московская область,СтФ_50_Электросталь,СтФ_50_Электросталь
Московская область,СтФ_50_Юбилейный,СтФ_50_Юбилейный
Москва,СтФ_77_Академический,СтФ_77_Академический
Москва,СтФ_77_Алексеевский,СтФ_77_Алексеевский
Москва,СтФ_77_Алтуфьевский,СтФ_77_Алтуфьевский
Москва,СтФ_77_Арбат,СтФ_77_Арбат
Москва,СтФ_77_Аэропорт,СтФ_77_Аэропорт
Москва,СтФ_77_Бабушкинский,СтФ_77_Бабушкинский
Москва,СтФ_77_Басманный,СтФ_77_Басманный
Москва,СтФ_77_Беговой,СтФ_77_Беговой
Москва,СтФ_77_Бескудниковский,СтФ_77_Бескудниковский
Москва,СтФ_77_Бибирево,СтФ_77_Бибирево
Москва,СтФ_77_Бирюлёво Восточное,СтФ_77_Бирюлёво Восточное
Москва,СтФ_77_Бирюлёво Западное,СтФ_77_Бирюлёво Западное
Москва,СтФ_77_Богородское,СтФ_77_Богородское
Москва,СтФ_77_Братеево,СтФ_77_Братеево
Москва,СтФ_77_Бутырский,СтФ_77_Бутырский
Москва,СтФ_77_Вешняки,СтФ_77_Вешняки
Москва,СтФ_77_Внуково,#Н/Д
Москва,СтФ_77_Внуковское,#Н/Д
Москва,СтФ_77_Войковский,СтФ_77_Войковский
Москва,СтФ_77_Вороновское,СтФ_77_Вороновское
Москва,СтФ_77_Воскресенское,СтФ_77_Воскресенское
Москва,СтФ_77_Восточное Дегунино,СтФ_77_Восточное Дегунино
Москва,СтФ_77_Восточное Измайлов,СтФ_77_Восточное Измайлово
Москва,СтФ_77_Восточный,СтФ_77_Восточное Измайлово
Москва,СтФ_77_Выхино-Жулебино,СтФ_77_Выхино-Жулебино
Москва,СтФ_77_Гагаринский,СтФ_77_Гагаринский
Москва,СтФ_77_Головинский,СтФ_77_Головинский
Москва,СтФ_77_Гольяново,СтФ_77_Гольяново
Москва,СтФ_77_Даниловский,СтФ_77_Даниловский
Москва,СтФ_77_Десёновское,СтФ_77_Десёновское
Москва,СтФ_77_Дмитровский,СтФ_77_Дмитровский
Москва,СтФ_77_Донской,СтФ_77_Донской
Москва,СтФ_77_Дорогомилово,СтФ_77_Дорогомилово
Москва,СтФ_77_Замоскворечье,СтФ_77_Замоскворечье
Москва,СтФ_77_Западное Дегунино,СтФ_77_Западное Дегунино
Москва,СтФ_77_Зюзино,СтФ_77_Зюзино
Москва,СтФ_77_Зябликово,СтФ_77_Зябликово
Москва,СтФ_77_Ивановское,СтФ_77_Ивановское
Москва,СтФ_77_Измайлово,СтФ_77_Измайлово
Москва,СтФ_77_Капотня,СтФ_77_Капотня
Москва,СтФ_77_Киевский,#Н/Д
Москва,СтФ_77_Клёновское,СтФ_77_Клёновское
Москва,СтФ_77_Кокошкино,СтФ_77_Кокошкино
Москва,СтФ_77_Коньково,СтФ_77_Коньково
Москва,СтФ_77_Коптево,СтФ_77_Коптево
Москва,СтФ_77_Косино-Ухтомский,СтФ_77_Косино-Ухтомский
Москва,СтФ_77_Котловка,СтФ_77_Котловка
Москва,СтФ_77_Краснопахорское,СтФ_77_Краснопахорское
Москва,СтФ_77_Красносельский,СтФ_77_Красносельский
Москва,СтФ_77_Крылатское,СтФ_77_Крылатское
Москва,СтФ_77_Крюково,СтФ_77_Крюково
Москва,СтФ_77_Кузьминки,СтФ_77_Кузьминки
Москва,СтФ_77_Кунцево,#Н/Д
Москва,СтФ_77_Куркино,СтФ_77_Куркино
Москва,СтФ_77_Левобережный,СтФ_77_Левобережный
Москва,СтФ_77_Лефортово,СтФ_77_Лефортово
Москва,СтФ_77_Лианозово,СтФ_77_Лианозово
Москва,СтФ_77_Ломоносовский,СтФ_77_Ломоносовский
Москва,СтФ_77_Лосиноостровский,СтФ_77_Лосиноостровский
Москва,СтФ_77_Люблино,СтФ_77_Люблино
Москва,СтФ_77_Марушкинское,СтФ_77_Марушкинское
Москва,СтФ_77_Марфино,СтФ_77_Марфино
Москва,СтФ_77_Марьина Роща,СтФ_77_Марьина Роща
Москва,СтФ_77_Марьино,СтФ_77_Марьино
Москва,СтФ_77_Матушкино,СтФ_77_Матушкино
Москва,СтФ_77_Метрогородок,СтФ_77_Метрогородок
Москва,СтФ_77_Мещанский,СтФ_77_Мещанский
Москва,СтФ_77_Митино,СтФ_77_Митино
Москва,СтФ_77_Михайлово-Ярцевско,СтФ_77_Михайлово-Ярцевское
Москва,СтФ_77_Можайский,СтФ_77_Можайский
Москва,СтФ_77_Молжаниновский,СтФ_77_Молжаниновский
Москва,СтФ_77_Москворечье-Сабуро,СтФ_77_Москворечье-Сабурово
Москва,СтФ_77_Московский,СтФ_77_Московский
Москва,СтФ_77_Мосрентген,СтФ_77_Мосрентген
Москва,СтФ_77_Нагатино-Садовники,СтФ_77_Нагатино-Садовники
Москва,СтФ_77_Нагатинский Затон,СтФ_77_Нагатинский Затон
Москва,СтФ_77_Нагорный,СтФ_77_Нагорный
Москва,СтФ_77_Некрасовка,СтФ_77_Некрасовка
Москва,СтФ_77_Нижегородский,СтФ_77_Нижегородский
Москва,СтФ_77_Новогиреево,СтФ_77_Новогиреево
Москва,СтФ_77_Новокосино,СтФ_77_Новокосино
Москва,СтФ_77_Ново-Переделкино,СтФ_77_Ново-Переделкино
Москва,СтФ_77_Новофёдоровское,СтФ_77_Новофёдоровское
Москва,СтФ_77_Обручевский,СтФ_77_Обручевский
Москва,СтФ_77_Орехово-Борисово С,СтФ_77_Орехово-Борисово Южное
Москва,СтФ_77_Орехово-Борисово Ю,СтФ_77_Орехово-Борисово Южное
Москва,СтФ_77_Останкинский,СтФ_77_Останкинский
Москва,СтФ_77_Отрадное,СтФ_77_Отрадное
Москва,СтФ_77_Очаково-Матвеевско,СтФ_77_Очаково-Матвеевское
Москва,СтФ_77_Первомайское,СтФ_77_Первомайское
Москва,СтФ_77_Перово,СтФ_77_Перово
Москва,СтФ_77_Печатники,СтФ_77_Печатники
Москва,СтФ_77_Покровское-Стрешне,СтФ_77_Покровское-Стрешнево
Москва,СтФ_77_Преображенское,СтФ_77_Преображенское
Москва,СтФ_77_Пресненский,СтФ_77_Пресненский
Москва,СтФ_77_Проспект Вернадско,СтФ_77_Проспект Вернадского
Москва,СтФ_77_Раменки,СтФ_77_Раменки
Москва,СтФ_77_Роговское,СтФ_77_Роговское
Москва,СтФ_77_Ростокино,СтФ_77_Ростокино
Москва,СтФ_77_Рязановское,СтФ_77_Рязановское
Москва,СтФ_77_Рязанский,СтФ_77_Рязанский
Москва,СтФ_77_Савёлки,СтФ_77_Савёлки
Москва,СтФ_77_Савёловский,СтФ_77_Савёловский
Москва,СтФ_77_Свиблово,СтФ_77_Свиблово
Москва,СтФ_77_Северное Бутово,СтФ_77_Северное Бутово
Москва,СтФ_77_Северное Измайлово,СтФ_77_Северное Измайлово
Москва,СтФ_77_Северное Медведков,СтФ_77_Северное Медведково
Москва,СтФ_77_Северное Тушино,СтФ_77_Северное Тушино
Москва,СтФ_77_Северный,СтФ_77_Северный
Москва,СтФ_77_Силино,СтФ_77_Силино
Москва,СтФ_77_Сокол,СтФ_77_Сокол
Москва,СтФ_77_Соколиная Гора,СтФ_77_Соколиная Гора
Москва,СтФ_77_Сокольники,СтФ_77_Сокольники
Москва,СтФ_77_Солнцево,СтФ_77_Солнцево
Москва,СтФ_77_Сосенское,СтФ_77_Сосенское
Москва,СтФ_77_Старое Крюково,СтФ_77_Старое Крюково
Москва,СтФ_77_Строгино,СтФ_77_Строгино
Москва,СтФ_77_Таганский,СтФ_77_Таганский
Москва,СтФ_77_Тверской,СтФ_77_Тверской
Москва,СтФ_77_Текстильщики,СтФ_77_Текстильщики
Москва,СтФ_77_Тёплый Стан,СтФ_77_Тёплый Стан
Москва,СтФ_77_Тимирязевский,СтФ_77_Тимирязевский
Москва,СтФ_77_Троицк,СтФ_77_Троицк
Москва,СтФ_77_Тропарёво-Никулино,СтФ_77_Тропарёво-Никулино
Москва,СтФ_77_Филёвский Парк,СтФ_77_Филёвский Парк
Москва,СтФ_77_Фили-Давыдково,СтФ_77_Фили-Давыдково
Москва,СтФ_77_Филимонковское,СтФ_77_Филимонковское
Москва,СтФ_77_Хамовники,СтФ_77_Хамовники
Москва,СтФ_77_Ховрино,СтФ_77_Ховрино
Москва,СтФ_77_Хорошёво-Мнёвники,СтФ_77_Хорошёво-Мнёвники
Москва,СтФ_77_Хорошёвский,СтФ_77_Хорошёвский
Москва,СтФ_77_Царицыно,СтФ_77_Царицыно
Москва,СтФ_77_Черёмушки,СтФ_77_Черёмушки
Москва,СтФ_77_Чертаново Северное,СтФ_77_Чертаново Северное
Москва,СтФ_77_Чертаново Централь,СтФ_77_Чертаново Центральное
Москва,СтФ_77_Чертаново Южное,СтФ_77_Чертаново Южное
Москва,СтФ_77_Щаповское,СтФ_77_Щаповское
Москва,СтФ_77_Щербинка,СтФ_77_Щербинка
Москва,СтФ_77_Щукино,СтФ_77_Щукино
Москва,СтФ_77_Южное Бутово,СтФ_77_Южное Бутово
Москва,СтФ_77_Южное Медведково,СтФ_77_Южное Медведково
Москва,СтФ_77_Южное Тушино,СтФ_77_Южное Тушино
Москва,СтФ_77_Южнопортовый,СтФ_77_Южнопортовый
Москва,СтФ_77_Якиманка,#Н/Д
Москва,СтФ_77_Ярославский,СтФ_77_Ярославский
Москва,СтФ_77_Ясенево,СтФ_77_Ясенево
Республика Коми,УРФ_11_1_Воркута,УФ_11_1_Воркута
Республика Коми,УРФ_11_3_Инта,УФ_11_3_Инта
Республика Коми,УРФ_11_4_Печора,УФ_11_4_Печора
Республика Коми,УРФ_11_5_Сосногорск,УФ_11_5_Сосногорск
Республика Коми,УРФ_11_6_Сыктывкар,УФ_11_6_Сыктывкар
Республика Коми,УРФ_11_7_Усинск,УФ_11_7_Усинск
Республика Коми,УРФ_11_8_Ухта,УФ_11_8_Ухта
Удмуртская Республика,УРФ_18_2_Воткинск,УРФ_18_2_Воткинск
Удмуртская Республика,УРФ_18_3_Глазов,УРФ_18_3_Глазов
Удмуртская Республика,УРФ_18_4_Игра,УРФ_18_4_Игра
Удмуртская Республика,УРФ_18_5_Ижевск,УРФ_18_5_Ижевск
Удмуртская Республика,УРФ_18_8_Можга,УРФ_18_8_Можга
Удмуртская Республика,УРФ_18_9_Сарапул,УРФ_18_9_Сарапул
Кировская область,УРФ_43_1_Вятские Поляны,УРФ_43_1_Вятские Поляны
Кировская область,УРФ_43_2_Киров,УРФ_43_2_Киров
Кировская область,УРФ_43_3_Кирово-Чепецк,УРФ_43_3_Кирово-Чепецк
Кировская область,УРФ_43_4_Котельнич,УРФ_43_4_Котельнич
Кировская область,УРФ_43_5_Омутнинск,УРФ_43_5_Омутнинск
Кировская область,УРФ_43_6_Слободской,УРФ_43_6_Слободской
Кировская область,УРФ_43_7_Советск,УРФ_43_7_Советск
Кировская область,УРФ_43_9_Яранск,УРФ_43_9_Яранск
Курганская область,УРФ_45_3_Курган,УРФ_45_3_Курган
Курганская область,УРФ_45_4_Шадринск,УРФ_45_4_Шадринск
Пермский край,УРФ_59_10_Кунгур,УРФ_59_10_кунгур
Пермский край,УРФ_59_11_Лысьва,УРФ_59_11_Лысьва
Пермский край,УРФ_59_12_Нытва,УРФ_59_12_Нытва
Пермский край,УРФ_59_13_Оса,УРФ_59_13_Оса
Пермский край,УРФ_59_14_Пермь,УРФ_59_14_Пермь
Пермский край,УРФ_59_15_Соликамск,УРФ_59_15_Соликамск
Пермский край,УРФ_59_16_Чайковский,УРФ_59_16_Чайковский
Пермский край,УРФ_59_17_Чернушка,УРФ_59_17_Чернушка
Пермский край,УРФ_59_18_Чусовой,УРФ_59_18_Чусовой
Пермский край,УРФ_59_2_Березники,УРФ_59_2_Березники
Пермский край,УРФ_59_3_Верещагино,УРФ_59_3_Верещагино
Пермский край,УРФ_59_4_Губаха,УРФ_59_4_Губаха
Пермский край,УРФ_59_5_Добрянка,УРФ_59_5_Добрянка
Пермский край,УРФ_59_8_Краснокамск,УРФ_59_8_Краснокамск
Пермский край,УРФ_59_9_Кудымкар,УРФ_59_9_Кудымкар
Свердловская область,УРФ_66_10_Алапаевск,УРФ_66_10_Алапаевск
Свердловская область,УРФ_66_1018_Ревда,УРФ_66_1018_Ревда
Свердловская область,УРФ_66_1019_Реж,УРФ_66_1019_Реж
Свердловская область,УРФ_66_105_Богданович,УРФ_66_105_Богданович
Свердловская область,УРФ_66_1078_Североуральск,УРФ_66_1078_Североуральск
Свердловская область,УРФ_66_1089_Серов,УРФ_66_1089_Серов
Свердловская область,УРФ_66_1130_Среднеуральск,УРФ_66_1130_Среднеуральск
Свердловская область,УРФ_66_1160_Сухой Лог,УРФ_66_1160_Сухой Лог
Свердловская область,УРФ_66_1162_Сысерть,УРФ_66_1162_Сысерть
Свердловская область,УРФ_66_1167_Тавда,УРФ_66_1167_Тавда
Свердловская область,УРФ_66_206_Верхняя Пышма,УРФ_66_206_Верхняя Пышма
Свердловская область,УРФ_66_207_Верхняя Салда,УРФ_66_207_Верхняя Салда
Свердловская область,УРФ_66_32_Артемовский,УРФ_66_32_Артемовский
Свердловская область,УРФ_66_341_Екатеринбург,УРФ_66_341_Екатеринбург
Свердловская область,УРФ_66_35_Асбест,УРФ_66_35_Асбест
Свердловская область,УРФ_66_386_Заречный,УРФ_66_386_Заречный
Свердловская область,УРФ_66_429_Ирбит,УРФ_66_429_Ирбит
Свердловская область,УРФ_66_456_Каменск-Уральский,УРФ_66_456_Каменск-Уральский
Свердловская область,УРФ_66_458_Камышлов,УРФ_66_458_Камышлов
Свердловская область,УРФ_66_467_Карпинск,УРФ_66_467_Карпинск
Свердловская область,УРФ_66_478_Качканар,УРФ_66_478_Качканар
Свердловская область,УРФ_66_493_Кировград,УРФ_66_493_Кировград
Свердловская область,УРФ_66_589_Краснотурьинск,УРФ_66_589_Краснотурьинск
Свердловская область,УРФ_66_590_Красноуральск,УРФ_66_590_Красноуральск
Свердловская область,УРФ_66_591_Красноуфимск,УРФ_66_591_Красноуфимск
Свердловская область,УРФ_66_632_Кушва,УРФ_66_632_Кушва
Свердловская область,УРФ_66_652_Лесной,УРФ_66_652_Лесной
Свердловская область,УРФ_66_807_Невьянск,УРФ_66_807_Невьянск
Свердловская область,УРФ_66_826_Нижний Тагил,УРФ_66_826_Нижний Тагил
Свердловская область,УРФ_66_832_Нижняя Тура,УРФ_66_832_Нижняя Тура
Свердловская область,УРФ_66_863_Новоуральск,УРФ_66_863_Новоуральск
Свердловская область,УРФ_66_88_Березовский,УРФ_66_88_Березовский
Свердловская область,УРФ_66_916_Первоуральск,УРФ_66_916_Первоуральск
Свердловская область,УРФ_66_960_Полевской,УРФ_66_960_Полевской
Тюменская область,УРФ_72_31_Тобольск,УРФ_72_31_Тобольск от 03.09.2018
Тюменская область,УРФ_72_35_Тюмень,УРФ_72_35_Тюмень от 03.09.2018
Тюменская область,УРФ_72_44_Ялуторовск,УРФ_72_44_Ялуторовск от 03.09.2018
Тюменская область,УРФ_72_5_Заводоуковск,УРФ_72_5_Заводоуковск от 03.09.2018
Тюменская область,УРФ_72_7_Ишим,УРФ_72_7_Ишим
Челябинская область,УРФ_74_1_Аша,УРФ_74_1_Аша
Челябинская область,УРФ_74_11_Кыштым,УРФ_74_11_Кыштым
Челябинская область,УРФ_74_12_Магнитогорск,УРФ_74_12_Магнитогорск
Челябинская область,УРФ_74_13_Миасс,УРФ_74_13_Миасс
Челябинская область,УРФ_74_15_Озерск,УРФ_74_15_Озерск
Челябинская область,УРФ_74_16_Сатка,УРФ_74_16_Сатка
Челябинская область,УРФ_74_17_Снежинск,УРФ_74_17_Снежинск
Челябинская область,УРФ_74_18_Трехгорный,УРФ_74_18_Трехгорный
Челябинская область,УРФ_74_19_Троицк,УРФ_74_19_Троицк
Челябинская область,УРФ_74_2_Бакал,УРФ_74_2_Бакал
Челябинская область,УРФ_74_20_Усть-Катав,УРФ_74_20_Усть-Катав
Челябинская область,УРФ_74_21_Чебаркуль,УРФ_74_21_Чебаркуль
Челябинская область,УРФ_74_22_Челябинск,УРФ_74_22_Челябинск
Челябинская область,УРФ_74_23_Южноуральск,УРФ_74_23_Южноуральск
Челябинская область,УРФ_74_3_Верхний Уфалей,УРФ_74_3_Верхний Уфалей
Челябинская область,УРФ_74_4_Еманжелинск,УРФ_74_4_Еманжелинск
Челябинская область,УРФ_74_5_Златоуст,УРФ_74_5_Златоуст
Челябинская область,УРФ_74_6_Карталы,УРФ_74_6_Карталы
Челябинская область,УРФ_74_8_Копейск,УРФ_74_8_Копейск
Челябинская область,УРФ_74_9_Коркино,УРФ_74_9_Коркино
Ханты-Мансийский Автономный округ (Югра),УРФ_86_10_Нягань,УРФ_86_10_Нягань
Ханты-Мансийский Автономный округ (Югра),УРФ_86_11_Покачи,УРФ_86_11_Покачи
Ханты-Мансийский Автономный округ (Югра),УРФ_86_12_Пыть-Ях,УРФ_86_12_Пыть-Ях
Ханты-Мансийский Автономный округ (Югра),УРФ_86_13_Радужный,УРФ_86_13_Радужный
Ханты-Мансийский Автономный округ (Югра),УРФ_86_17_Сургут,УРФ_86_17_Сургут
Ханты-Мансийский Автономный округ (Югра),УРФ_86_18_Урай,УРФ_86_18_Урай
Ханты-Мансийский Автономный округ (Югра),УРФ_86_19_Ханты-Мансийск,УРФ_86_19_Ханты-Мансийск
Ханты-Мансийский Автономный округ (Югра),УРФ_86_23_Югорск,УРФ_86_23_Югорск
Ханты-Мансийский Автономный округ (Югра),УРФ_86_24_Белоярский,УРФ_86_24_Белоярский
Ханты-Мансийский Автономный округ (Югра),УРФ_86_25_Пойковский,УРФ_86_25_Пойковский
Ханты-Мансийский Автономный округ (Югра),УРФ_86_27_Лянтор,УРФ_86_27_Лянтор
Ханты-Мансийский Автономный округ (Югра),УРФ_86_28_Федоровский,УРФ_86_28_Федоровский
Ханты-Мансийский Автономный округ (Югра),УРФ_86_4_Когалым,УРФ_86_4_Когалым
Ханты-Мансийский Автономный округ (Югра),УРФ_86_5_Лангепас,УРФ_86_5_Лангепас
Ханты-Мансийский Автономный округ (Югра),УРФ_86_6_Мегион,УРФ_86_6_Мегион
Ханты-Мансийский Автономный округ (Югра),УРФ_86_8_Нефтеюганск,УРФ_86_8_Нефтеюганск
Ханты-Мансийский Автономный округ (Югра),УРФ_86_9_Нижневартовск,УРФ_86_9_Нижневартовск
Ямало-Ненецкий автономный округ,УРФ_89_1_Губкинский,УРФ_89_1_Губинский
Ямало-Ненецкий автономный округ,УРФ_89_10_Тазовский,УРФ_89_10_Тазовский
Ямало-Ненецкий автономный округ,УРФ_89_12_Яр-Сале,УРФ_89_12_Яр-Сале
Ямало-Ненецкий автономный округ,УРФ_89_2_Лабытнанги,УРФ_89_2_Лабытнанги
Ямало-Ненецкий автономный округ,УРФ_89_3_Муравленко,УРФ_89_3_Муравленко
Ямало-Ненецкий автономный округ,УРФ_89_4_Новый Уренгой,УРФ_89_4_Новый Уренгой
Ямало-Ненецкий автономный округ,УРФ_89_5_Ноябрьск,УРФ_89_5_Ноябрьск
Ямало-Ненецкий автономный округ,УРФ_89_7_Салехард,УРФ_89_7_Салехард
Ямало-Ненецкий автономный округ,УРФ_89_8_Надым,УРФ_89_8_Надым
Ямало-Ненецкий автономный округ,УРФ_89_9_Тарко-Сале,УРФ_89_9_Тарко-Сале
Брянская область,ЦНФ_32_1_Брянск,ЦНФ_32_1_Брянск
Брянская область,ЦНФ_32_10_Трубчевск,ЦНФ_32_10_Трубчевск
Брянская область,ЦНФ_32_11_Унеча,ЦНФ_32_11_Унеча
Брянская область,ЦНФ_32_12_Фокино,ЦНФ_32_12_Фокино
Брянская область,ЦНФ_32_2_Дятьково,ЦНФ_32_2_Дятьково
Брянская область,ЦНФ_32_4_Карачев,ЦНФ_32_4_Карачев
Брянская область,ЦНФ_32_5_Клинцы,ЦНФ_32_5_Клинцы
Брянская область,ЦНФ_32_6_Новозыбков,ЦНФ_32_6_Новозыбков
Брянская область,ЦНФ_32_7_Почеп,ЦНФ_32_7_Почеп
Брянская область,ЦНФ_32_8_Сельцо,ЦНФ_32_8_Сельцо
Брянская область,ЦНФ_32_9_Стародуб,ЦНФ_32_9_Стародуб
Владимирская область,ЦНФ_33_1_Александров,ЦНФ_33_1_Александров
Владимирская область,ЦНФ_33_10_Собинка,ЦНФ_33_10_Собинка
Владимирская область,ЦНФ_33_12_Юрьев-Польский,ЦНФ_33_12_Юрьев-Польский
Владимирская область,ЦНФ_33_2_Владимир,ЦНФ_33_2_Владимир
Владимирская область,ЦНФ_33_3_Вязники,ЦНФ_33_3_Вязники
Владимирская область,ЦНФ_33_4_Гусь-Хрустальный,ЦНФ_33_4_Гусь-Хрустальный
Владимирская область,ЦНФ_33_5_Киржач,ЦНФ_33_5_Киржач
Владимирская область,ЦНФ_33_6_Ковров,ЦНФ_33_6_Ковров
Владимирская область,ЦНФ_33_7_Кольчугино,ЦНФ_33_7_Кольчугино
Владимирская область,ЦНФ_33_8_Муром,ЦНФ_33_8_Муром
Владимирская область,ЦНФ_33_9_Петушки,ЦНФ_33_9_Петушки
Калужская область,ЦНФ_40_10_Обнинск,ЦНФ_40_10_Обнинск
Калужская область,ЦНФ_40_11_Товарково,ЦНФ_40_11_Товарково
Калужская область,ЦНФ_40_2_Балабаново,ЦНФ_40_2_Балабаново
Калужская область,ЦНФ_40_4_Калуга,ЦНФ_40_4_Калуга
Калужская область,ЦНФ_40_6_Козельск,ЦНФ_40_6_Козельск
Калужская область,ЦНФ_40_8_Людиново,ЦНФ_40_8_Людиново
Калужская область,ЦНФ_40_9_Малоярославец,ЦНФ_40_9_Малоярославец
Курская область,ЦНФ_46_1_Железногорск,ЦНФ_46_1_Железногорск
Курская область,ЦНФ_46_2_Курск,ЦНФ_46_2_Курск
Курская область,ЦНФ_46_3_Курчатов,ЦНФ_46_3_Курчатов
Курская область,ЦНФ_46_4_Льгов,ЦНФ_46_4_Льгов
Нижегородская область,ЦНФ_52_1074_Шахунья,ЦНФ_52_1074_Шахунья
Нижегородская область,ЦНФ_52_1126_Арзамас,ЦНФ_52_1126_Арзамас
Нижегородская область,ЦНФ_52_115_Бор,ЦНФ_52_115_Бор
Нижегородская область,ЦНФ_52_185_Володарск,ЦНФ_52_185_Володарск
Нижегородская область,ЦНФ_52_196_Выкса,ЦНФ_52_196_Выкса
Нижегородская область,ЦНФ_52_231_Городец,ЦНФ_52_231_Городец
Нижегородская область,ЦНФ_52_265_Дзержинск,ЦНФ_52_265_Дзержинск
Нижегородская область,ЦНФ_52_320_Заволжье,ЦНФ_52_320_Заволжье
Нижегородская область,ЦНФ_52_35_Балахна,ЦНФ_52_35_Балахна
Нижегородская область,ЦНФ_52_484_Кстово,ЦНФ_52_484_Кстово
Нижегородская область,ЦНФ_52_495_Кулебаки,ЦНФ_52_495_Кулебаки
Нижегородская область,ЦНФ_52_540_Лукоянов,ЦНФ_52_540_Лукоянов
Нижегородская область,ЦНФ_52_545_Лысково,ЦНФ_52_545_Лысково
Нижегородская область,ЦНФ_52_638_Мулино,ЦНФ_52_638_Мулино
Нижегородская область,ЦНФ_52_662_Нижний Новгород,ЦНФ_52_662_Нижний Новгород
Нижегородская область,ЦНФ_52_722_Павлово,ЦНФ_52_722_Павлово
Нижегородская область,ЦНФ_52_77_Богородск,ЦНФ_52_77_Богородск
Нижегородская область,ЦНФ_52_790_Починки,ЦНФ_52_790_Починки
Нижегородская область,ЦНФ_52_863_Саров,ЦНФ_52_863_Саров
Нижегородская область,ЦНФ_52_875_Семенов,ЦНФ_52_875_Семенов
Нижегородская область,ЦНФ_52_881_Сергач,ЦНФ_52_881_Сергач
Нижегородская область,ЦНФ_52_997_Урень,ЦНФ_52_997_Урень
Орловская область,ЦНФ_57_4_Ливны,ЦНФ_57_4_Ливны
Орловская область,ЦНФ_57_5_Мценск,ЦНФ_57_5_Мценск
Орловская область,ЦНФ_57_6_Орел,ЦНФ_57_6_Орел
Рязанская область,ЦНФ_62_1_Касимов,ЦНФ_62_1_Касимов
Рязанская область,ЦНФ_62_2_Михайлов,ЦНФ_62_2_Михайлов
Рязанская область,ЦНФ_62_3_Новомичуринск,ЦНФ_62_3_Новомичуринск
Рязанская область,ЦНФ_62_4_Рыбное,ЦНФ_62_4_Рыбное
Рязанская область,ЦНФ_62_5_Ряжск,ЦНФ_62_5_Ряжск
Рязанская область,ЦНФ_62_6_Рязань,ЦНФ_62_6_Рязань
Рязанская область,ЦНФ_62_7_Сасово,ЦНФ_62_7_Сасово
Рязанская область,ЦНФ_62_8_Скопин,ЦНФ_62_8_Скопин
Рязанская область,ЦНФ_62_9_Шилово,ЦНФ_62_9_Шилово
Тульская область,ЦНФ_71_1_Алексин,ЦНФ_71_1_Алексин
Тульская область,ЦНФ_71_10_Тула,ЦНФ_71_10_Тула
Тульская область,ЦНФ_71_11_Узловая,ЦНФ_71_11_Узловая
Тульская область,ЦНФ_71_12_Щекино,ЦНФ_71_12_Щекино
Тульская область,ЦНФ_71_13_Ясногорск,ЦНФ_71_13_Ясногорск
Тульская область,ЦНФ_71_2_Богородицк,ЦНФ_71_2_Богородицк
Тульская область,ЦНФ_71_3_Донской,ЦНФ_71_3_Донской
Тульская область,ЦНФ_71_4_Ефремов,ЦНФ_71_4_Ефремов
Тульская область,ЦНФ_71_5_Кимовск,ЦНФ_71_5_Кимовск
Тульская область,ЦНФ_71_6_Киреевск,ЦНФ_71_6_Киреевск
Тульская область,ЦНФ_71_7_Новомосковск,ЦНФ_71_7_Новомосковск
Тульская область,ЦНФ_71_8_Плавск,ЦНФ_71_8_Плавск
Тульская область,ЦНФ_71_9_Суворов,ЦНФ_71_9_Суворов
